dash_night_activities_diversity0,dash_interaction_diversity0,dash_knowledge_activities_diversity0,dash_energy_requirement0,dash_water_requirement0,dash_waste_generation0,dash_green_proximity0,dash_km_ways_per_hab0,dash_public_transport_coverage0,dash_educational_equipment_proximity0,dash_cultural_equipment_proximity0,dash_health_equipment_proximity0,dash_mean_facilities_proximity0,dash_mean_activities_density0,dash_day_density0,dash_night_density0,dash_knowledge_density0,dash_interaction_density0,dash_hab_net_density0,dash_km_ways_per_km20,dash_day_activities_diversity0
0.9514879602387296,3.042369416506998,1.1150659840964299,2638.6695833333347,132.1759259259257,0.9529166666666643,27.81678755645352,0.5226646066080342,0.3714710252600297,0.512630014858841,1.0,0.8306092124814265,0.7810797424467558,0.3966049382716049,0.7283950617283951,0.11728395061728394,0.10493827160493827,0.6358024691358025,45.64043573561898,0.1928815789473684,3.08901451047936
0.9514879602387296,3.042369416506998,1.1150659840964299,2638.6695833333347,132.1759259259257,0.9529166666666643,27.81678755645352,0.5226646066080342,0.07524454477050413,0.5191873589164786,1.0,0.8412340105342363,0.7868071231502384,0.3966049382716049,0.7283950617283951,0.11728395061728394,0.10493827160493827,0.6358024691358025,45.64043573561898,0.1928815789473684,3.08901451047936
0.9514879602387296,3.042369416506998,1.1150659840964299,2638.6695833333347,132.1759259259257,0.9529166666666643,27.81678755645352,0.5226646066080342,0.5200594353640415,0.512630014858841,1.0,0.8306092124814265,0.7810797424467558,0.3966049382716049,0.7283950617283951,0.11728395061728394,0.10493827160493827,0.6358024691358025,45.64043573561898,0.1928815789473684,3.08901451047936
0.9514879602387296,3.042369416506998,1.1150659840964299,2638.6695833333347,132.1759259259257,0.9529166666666643,27.81678755645352,0.5226646066080342,0.29895366218236175,0.515695067264574,1.0,0.8355754857997011,0.7837568510214249,0.3966049382716049,0.7283950617283951,0.11728395061728394,0.10493827160493827,0.6358024691358025,45.64043573561898,0.1928815789473684,3.08901451047936
0.9514879602387296,3.042369416506998,1.1150659840964299,2638.6695833333347,132.1759259259257,0.9529166666666643,27.81678755645352,0.5226646066080342,0.29282576866764276,0.5051244509516838,1.0,0.8184480234260615,0.7745241581259151,0.3966049382716049,0.7283950617283951,0.11728395061728394,0.10493827160493827,0.6358024691358025,45.64043573561898,0.1928815789473684,3.08901451047936
